Scenario,Period,Processor,Scope,Biodiesel Input,Biodiesel Output,Bioethanol Input,Bioethanol Output,Biofuel Input,Biofuel Output,BlueWater Input,BlueWaterIn Input,BlueWaterOut Output,CropProduction Input,CropProduction Output,Diesel Input,Elec Input,Fertilizer Input,FertilizerK2O Input,FertilizerN Input,FertilizerP2O5 Input,GreenWater Input,HA Input,Heat Input,LU Input,Maize Input,Maize Output,PalmFruit Input,PalmFruit Output,RapeSeed Input,RapeSeed Output,SoyBean Input,SoyBean Output,SugarBeet Input,SugarBeet Output,SugarCane Input,SugarCane Output,Wheat Input,Wheat Output
Scenario1,2011,Society,Internal,6750.0,25000.0,9600.0,32000.0,16350.0,57000.0,259937.425,,,198902.995,198902.995,644543.984,6431308.076,1377183.468,203062.551,995289.636,178831.28,24098339.655,113779.23,155786139.311,6741.136,15022.08,15022.08,4768.9,4768.9,12105.23,12105.23,18526.786,18526.786,70656.0,70656.0,69120.0,69120.0,8704.0,8704.0
Scenario1,2011,Society.Biodiesel,Internal,,25000.0,,,,25000.0,0.0,,,35400.915,35400.915,93468.689,1479632.428,827268.716,105608.772,633652.633,88007.31,10606550.902,48705.523,17508251.311,3520.292,,,4768.9,4768.9,12105.23,12105.23,18526.786,18526.786,,,,,,
Scenario1,2011,Society.Biodiesel.OilCrops,Internal,,25000.0,,,,25000.0,0.0,,,35400.915,35400.915,93468.689,1479632.428,827268.716,105608.772,633652.633,88007.31,10606550.902,48705.523,17508251.311,3520.292,,,4768.9,4768.9,12105.23,12105.23,18526.786,18526.786,,,,,,
Scenario1,2011,Society.Biodiesel.OilCrops.ExternalPalmOil,Internal,,1500.0,,,,1500.0,,,,1430.67,1430.67,,15642.0,,,,,,420.0,323302.8,,,,1430.67,1430.67,,,,,,,,,,
Scenario1,2011,Society.Biodiesel.OilCrops.ExternalPalmOil.PalmOilCrop,Internal,,,,,,,,,,,1430.67,,,,,,,,,,,,,,1430.67,,,,,,,,,,
Scenario1,2011,Society.Biodiesel.OilCrops.ExternalPalmOil.PalmOilProcessing,Internal,,300.0,,,,300.0,,4391.848,2314.41,1430.67,,,15642.0,,,,,,420.0,323302.8,,,,1430.67,,,,,,,,,,,
Scenario1,2011,Society.Biodiesel.OilCrops.ExternalRapeSeed,Internal,,1500.0,,,,1500.0,0.0,,,2421.046,2421.046,18693.738,180918.0,165453.743,21121.754,126730.527,17601.462,2121310.18,8936.105,1120878.0,704.058,,,,,2421.046,2421.046,,,,,,,,
Scenario1,2011,Society.Biodiesel.OilCrops.ExternalRapeSeed.RapeSeedCrop,Internal,,,,,,,0.0,,,,2421.046,18693.738,,165453.743,21121.754,126730.527,17601.462,2121310.18,8306.105,,704.058,,,,,,2421.046,,,,,,,,
Scenario1,2011,Society.Biodiesel.OilCrops.ExternalRapeSeed.RapeSeedProcessing,Internal,,900.0,,,,900.0,,381.257,178.36,2421.046,,,180918.0,,,,,,630.0,1120878.0,,,,,,2421.046,,,,,,,,,
Scenario1,2011,Society.Biodiesel.OilCrops.ExternalSoyBean,Internal,,5000.0,,,,5000.0,,,,7410.714,7410.714,,209160.971,,,,,,1050.0,4330474.125,,,,,,,,7410.714,7410.714,,,,,,
Scenario1,2011,Society.Biodiesel.OilCrops.ExternalSoyBean.SoyBeanCrop,Internal,,,,,,,,,,,7410.714,,,,,,,,,,,,,,,,,,7410.714,,,,,,
Scenario1,2011,Society.Biodiesel.OilCrops.ExternalSoyBean.SoyBeanProcessing,Internal,,1500.0,,,,1500.0,,724.526,478.083,7410.714,,,209160.971,,,,,,1050.0,4330474.125,,,,,,,,7410.714,,,,,,,
Scenario1,2011,Society.Biodiesel.OilCrops.PalmOil,Internal,,3500.0,,,,3500.0,,,,3338.23,3338.23,,36498.0,,,,,,980.0,754373.2,,,,3338.23,3338.23,,,,,,,,,,
Scenario1,2011,Society.Biodiesel.OilCrops.PalmOil.PalmOilCrop,Internal,,,,,,,,,,,3338.23,,,,,,,,,,,,,,3338.23,,,,,,,,,,
Scenario1,2011,Society.Biodiesel.OilCrops.PalmOil.PalmOilProcessing,Internal,,700.0,,,,700.0,,10247.645,5400.29,3338.23,,,36498.0,,,,,,980.0,754373.2,,,,3338.23,,,,,,,,,,,
Scenario1,2011,Society.Biodiesel.OilCrops.RapeSeed,Internal,,6000.0,,,,6000.0,0.0,,,9684.184,9684.184,74774.951,723672.0,661814.973,84487.018,506922.107,70405.848,8485240.722,35744.419,4483512.0,2816.234,,,,,9684.184,9684.184,,,,,,,,
Scenario1,2011,Society.Biodiesel.OilCrops.RapeSeed.RapeSeedCrop,Internal,,,,,,,0.0,,,,9684.184,74774.951,,661814.973,84487.018,506922.107,70405.848,8485240.722,33224.419,,2816.234,,,,,,9684.184,,,,,,,,
Scenario1,2011,Society.Biodiesel.OilCrops.RapeSeed.RapeSeedProcessing,Internal,,3600.0,,,,3600.0,,1525.028,713.441,9684.184,,,723672.0,,,,,,2520.0,4483512.0,,,,,,9684.184,,,,,,,,,
Scenario1,2011,Society.Biodiesel.OilCrops.SoyBean,Internal,,7500.0,,,,7500.0,,,,11116.071,11116.071,,313741.457,,,,,,1575.0,6495711.187,,,,,,,,11116.071,11116.071,,,,,,
Scenario1,2011,Society.Biodiesel.OilCrops.SoyBean.SoyBeanCrop,Internal,,,,,,,,,,,11116.071,,,,,,,,,,,,,,,,,,11116.071,,,,,,
Scenario1,2011,Society.Biodiesel.OilCrops.SoyBean.SoyBeanProcessing,Internal,,2250.0,,,,2250.0,,1086.789,717.124,11116.071,,,313741.457,,,,,,1575.0,6495711.187,,,,,,,,11116.071,,,,,,,
Scenario1,2011,Society.Bioethanol,Internal,,,,32000.0,,32000.0,259937.425,,,163502.08,163502.08,551075.296,4951675.648,549914.752,97453.779,361637.003,90823.97,13491788.752,65073.707,138277888.0,3220.843,15022.08,15022.08,,,,,,,70656.0,70656.0,69120.0,69120.0,8704.0,8704.0
Scenario1,2011,Society.Bioethanol.Cereals,Internal,,,,6400.0,,6400.0,244427.785,,,23726.08,23726.08,465552.238,2953265.459,348258.548,35541.786,266115.643,46601.118,9621775.642,36026.46,104636416.0,2336.386,15022.08,15022.08,,,,,,,,,,,8704.0,8704.0
Scenario1,2011,Society.Bioethanol.Cereals.ExternalMaize,Internal,,,,3584.0,,3584.0,171099.45,,,10515.456,10515.456,254433.678,1312841.457,80130.75,17049.096,37508.011,25573.644,3623143.738,13571.825,46971187.2,852.455,10515.456,10515.456,,,,,,,,,,,,
Scenario1,2011,Society.Bioethanol.Cereals.ExternalMaize.MaizeCrop,Internal,,,,,,,171099.45,,,,10515.456,254433.678,,80130.75,17049.096,37508.011,25573.644,3623143.738,11313.905,,852.455,,10515.456,,,,,,,,,,,,
Scenario1,2011,Society.Bioethanol.Cereals.ExternalMaize.MaizeProcessing,Internal,,,,3225.6,,3225.6,,28030.464,8999.424,10515.456,,,1312841.457,,,,,,2257.92,46971187.2,,10515.456,,,,,,,,,,,,,
Scenario1,2011,Society.Bioethanol.Cereals.ExternalWheat,Internal,,,,1024.0,,1024.0,0.0,,,6963.2,6963.2,81660.444,862222.131,187028.839,8948.748,170026.217,8053.873,3556684.814,13310.51,30027776.0,894.875,,,,,,,,,,,,,6963.2,6963.2
Scenario1,2011,Society.Bioethanol.Cereals.ExternalWheat.WheatCrop,Internal,,,,,,,0.0,,,,6963.2,81660.444,,187028.839,8948.748,170026.217,8053.873,3556684.814,11876.91,,894.875,,,,,,,,,,,,,,6963.2
Scenario1,2011,Society.Bioethanol.Cereals.ExternalWheat.WheatProcessing,Internal,,,,2048.0,,2048.0,,8986.624,8888.32,6963.2,,,862222.131,,,,,,1433.6,30027776.0,,,,,,,,,,,,,,6963.2,
Scenario1,2011,Society.Bioethanol.Cereals.Maize,Internal,,,,1536.0,,1536.0,73328.336,,,4506.624,4506.624,109043.005,562646.339,34341.75,7306.755,16074.862,10960.133,1552775.888,5816.497,20130508.8,365.338,4506.624,4506.624,,,,,,,,,,,,
Scenario1,2011,Society.Bioethanol.Cereals.Maize.MaizeCrop,Internal,,,,,,,73328.336,,,,4506.624,109043.005,,34341.75,7306.755,16074.862,10960.133,1552775.888,4848.817,,365.338,,4506.624,,,,,,,,,,,,
Scenario1,2011,Society.Bioethanol.Cereals.Maize.MaizeProcessing,Internal,,,,1382.4,,1382.4,,12013.056,3856.896,4506.624,,,562646.339,,,,,,967.68,20130508.8,,4506.624,,,,,,,,,,,,,
Scenario1,2011,Society.Bioethanol.Cereals.Wheat,Internal,,,,256.0,,256.0,0.0,,,1740.8,1740.8,20415.111,215555.533,46757.21,2237.187,42506.554,2013.468,889171.203,3327.628,7506944.0,223.719,,,,,,,,,,,,,1740.8,1740.8
Scenario1,2011,Society.Bioethanol.Cereals.Wheat.WheatCrop,Internal,,,,,,,0.0,,,,1740.8,20415.111,,46757.21,2237.187,42506.554,2013.468,889171.203,2969.228,,223.719,,,,,,,,,,,,,,1740.8
Scenario1,2011,Society.Bioethanol.Cereals.Wheat.WheatProcessing,Internal,,,,512.0,,512.0,,2246.656,2222.08,1740.8,,,215555.533,,,,,,358.4,7506944.0,,,,,,,,,,,,,,1740.8,
Scenario1,2011,Society.Bioethanol.SugarCrops,Internal,,,,25600.0,,25600.0,15509.64,,,139776.0,139776.0,85523.058,1998410.189,201656.204,61911.992,95521.36,44222.852,3870013.11,29047.247,33641472.0,884.457,,,,,,,,,70656.0,70656.0,69120.0,69120.0,,
Scenario1,2011,Society.Bioethanol.SugarCrops.ExternalSugarBeet,Internal,,,,5120.0,,5120.0,7754.82,,,35328.0,35328.0,42761.529,669717.197,100828.102,30955.996,47760.68,22111.426,1935006.555,12910.824,15525888.0,442.229,,,,,,,,,35328.0,35328.0,,,,
Scenario1,2011,Society.Bioethanol.SugarCrops.ExternalSugarBeet.SugarBeetCrop,Internal,,,,,,,7754.82,,,,35328.0,42761.529,,100828.102,30955.996,47760.68,22111.426,1935006.555,10760.424,,442.229,,,,,,,,,,35328.0,,,,
Scenario1,2011,Society.Bioethanol.SugarCrops.ExternalSugarBeet.SugarBeetProcessing,Internal,,,,3072.0,,3072.0,,33793.852,3379.2,35328.0,,,669717.197,,,,,,2150.4,15525888.0,,,,,,,,,,35328.0,,,,,
Scenario1,2011,Society.Bioethanol.SugarCrops.ExternalSugarCane,Internal,,,,9216.0,,9216.0,,,,41472.0,41472.0,,395385.477,,,,,,1935.36,1553817.6,,,,,,,,,,,,41472.0,41472.0,,
Scenario1,2011,Society.Bioethanol.SugarCrops.ExternalSugarCane.SugarCaneCrop,Internal,,,,,,,,,,,41472.0,,,,,,,,,,,,,,,,,,,,,,41472.0,,
Scenario1,2011,Society.Bioethanol.SugarCrops.ExternalSugarCane.SugarCaneProcessing,Internal,,,,2764.8,,2764.8,,85985.28,58613.76,41472.0,,,395385.477,,,,,,1935.36,1553817.6,,,,,,,,,,,,41472.0,,,
Scenario1,2011,Society.Bioethanol.SugarCrops.SugarBeet,Internal,,,,5120.0,,5120.0,7754.82,,,35328.0,35328.0,42761.529,669717.197,100828.102,30955.996,47760.68,22111.426,1935006.555,12910.824,15525888.0,442.229,,,,,,,,,35328.0,35328.0,,,,
Scenario1,2011,Society.Bioethanol.SugarCrops.SugarBeet.SugarBeetCrop,Internal,,,,,,,7754.82,,,,35328.0,42761.529,,100828.102,30955.996,47760.68,22111.426,1935006.555,10760.424,,442.229,,,,,,,,,,35328.0,,,,
Scenario1,2011,Society.Bioethanol.SugarCrops.SugarBeet.SugarBeetProcessing,Internal,,,,3072.0,,3072.0,,33793.852,3379.2,35328.0,,,669717.197,,,,,,2150.4,15525888.0,,,,,,,,,,35328.0,,,,,
Scenario1,2011,Society.Bioethanol.SugarCrops.SugarCane,Internal,,,,6144.0,,6144.0,,,,27648.0,27648.0,,263590.318,,,,,,1290.24,1035878.4,,,,,,,,,,,,27648.0,27648.0,,
Scenario1,2011,Society.Bioethanol.SugarCrops.SugarCane.SugarCaneCrop,Internal,,,,,,,,,,,27648.0,,,,,,,,,,,,,,,,,,,,,,27648.0,,
Scenario1,2011,Society.Bioethanol.SugarCrops.SugarCane.SugarCaneProcessing,Internal,,,,1843.2,,1843.2,,57323.52,39075.84,27648.0,,,263590.318,,,,,,1290.24,1035878.4,,,,,,,,,,,,27648.0,,,
Scenario1,2011,Society.CommerceExports,Internal,18250.0,,22400.0,,40650.0,,,,,,,,,,,,,,,,,,,,,,,,,,,,,,
Scenario1,2012,Society,Internal,6750.0,25000.0,9600.0,32000.0,16350.0,57000.0,259937.425,,,198902.995,198902.995,1914011.55,6431308.076,1338987.593,200082.659,962666.066,176238.868,24098339.655,111227.737,155786139.311,6566.711,15022.08,15022.08,4768.9,4768.9,12105.23,12105.23,18526.786,18526.786,70656.0,70656.0,69120.0,69120.0,8704.0,8704.0
Scenario1,2012,Society.Biodiesel,Internal,,25000.0,,,,25000.0,0.0,,,35400.915,35400.915,14896.86,1479632.428,810233.248,103434.032,620604.19,86195.026,10606550.902,47680.305,17508251.311,3447.801,,,4768.9,4768.9,12105.23,12105.23,18526.786,18526.786,,,,,,
Scenario1,2012,Society.Biodiesel.OilCrops,Internal,,25000.0,,,,25000.0,0.0,,,35400.915,35400.915,14896.86,1479632.428,810233.248,103434.032,620604.19,86195.026,10606550.902,47680.305,17508251.311,3447.801,,,4768.9,4768.9,12105.23,12105.23,18526.786,18526.786,,,,,,
Scenario1,2012,Society.Biodiesel.OilCrops.ExternalPalmOil,Internal,,1500.0,,,,1500.0,,,,1430.67,1430.67,,15642.0,,,,,,420.0,323302.8,,,,1430.67,1430.67,,,,,,,,,,
Scenario1,2012,Society.Biodiesel.OilCrops.ExternalPalmOil.PalmOilCrop,Internal,,,,,,,,,,,1430.67,,,,,,,,,,,,,,1430.67,,,,,,,,,,
Scenario1,2012,Society.Biodiesel.OilCrops.ExternalPalmOil.PalmOilProcessing,Internal,,300.0,,,,300.0,,4391.848,2314.41,1430.67,,,15642.0,,,,,,420.0,323302.8,,,,1430.67,,,,,,,,,,,
Scenario1,2012,Society.Biodiesel.OilCrops.ExternalRapeSeed,Internal,,1500.0,,,,1500.0,0.0,,,2421.046,2421.046,2979.372,180918.0,162046.65,20686.806,124120.838,17239.005,2121310.18,8731.061,1120878.0,689.56,,,,,2421.046,2421.046,,,,,,,,
Scenario1,2012,Society.Biodiesel.OilCrops.ExternalRapeSeed.RapeSeedCrop,Internal,,,,,,,0.0,,,,2421.046,2979.372,,162046.65,20686.806,124120.838,17239.005,2121310.18,8101.061,,689.56,,,,,,2421.046,,,,,,,,
Scenario1,2012,Society.Biodiesel.OilCrops.ExternalRapeSeed.RapeSeedProcessing,Internal,,900.0,,,,900.0,,381.257,178.36,2421.046,,,180918.0,,,,,,630.0,1120878.0,,,,,,2421.046,,,,,,,,,
Scenario1,2012,Society.Biodiesel.OilCrops.ExternalSoyBean,Internal,,5000.0,,,,5000.0,,,,7410.714,7410.714,,209160.971,,,,,,1050.0,4330474.125,,,,,,,,7410.714,7410.714,,,,,,
Scenario1,2012,Society.Biodiesel.OilCrops.ExternalSoyBean.SoyBeanCrop,Internal,,,,,,,,,,,7410.714,,,,,,,,,,,,,,,,,,7410.714,,,,,,
Scenario1,2012,Society.Biodiesel.OilCrops.ExternalSoyBean.SoyBeanProcessing,Internal,,1500.0,,,,1500.0,,724.526,478.083,7410.714,,,209160.971,,,,,,1050.0,4330474.125,,,,,,,,7410.714,,,,,,,
Scenario1,2012,Society.Biodiesel.OilCrops.PalmOil,Internal,,3500.0,,,,3500.0,,,,3338.23,3338.23,,36498.0,,,,,,980.0,754373.2,,,,3338.23,3338.23,,,,,,,,,,
Scenario1,2012,Society.Biodiesel.OilCrops.PalmOil.PalmOilCrop,Internal,,,,,,,,,,,3338.23,,,,,,,,,,,,,,3338.23,,,,,,,,,,
Scenario1,2012,Society.Biodiesel.OilCrops.PalmOil.PalmOilProcessing,Internal,,700.0,,,,700.0,,10247.645,5400.29,3338.23,,,36498.0,,,,,,980.0,754373.2,,,,3338.23,,,,,,,,,,,
Scenario1,2012,Society.Biodiesel.OilCrops.RapeSeed,Internal,,6000.0,,,,6000.0,0.0,,,9684.184,9684.184,11917.488,723672.0,648186.598,82747.225,496483.352,68956.021,8485240.722,34924.244,4483512.0,2758.241,,,,,9684.184,9684.184,,,,,,,,
Scenario1,2012,Society.Biodiesel.OilCrops.RapeSeed.RapeSeedCrop,Internal,,,,,,,0.0,,,,9684.184,11917.488,,648186.598,82747.225,496483.352,68956.021,8485240.722,32404.244,,2758.241,,,,,,9684.184,,,,,,,,
Scenario1,2012,Society.Biodiesel.OilCrops.RapeSeed.RapeSeedProcessing,Internal,,3600.0,,,,3600.0,,1525.028,713.441,9684.184,,,723672.0,,,,,,2520.0,4483512.0,,,,,,9684.184,,,,,,,,,
Scenario1,2012,Society.Biodiesel.OilCrops.SoyBean,Internal,,7500.0,,,,7500.0,,,,11116.071,11116.071,,313741.457,,,,,,1575.0,6495711.187,,,,,,,,11116.071,11116.071,,,,,,
Scenario1,2012,Society.Biodiesel.OilCrops.SoyBean.SoyBeanCrop,Internal,,,,,,,,,,,11116.071,,,,,,,,,,,,,,,,,,11116.071,,,,,,
Scenario1,2012,Society.Biodiesel.OilCrops.SoyBean.SoyBeanProcessing,Internal,,2250.0,,,,2250.0,,1086.789,717.124,11116.071,,,313741.457,,,,,,1575.0,6495711.187,,,,,,,,11116.071,,,,,,,
Scenario1,2012,Society.Bioethanol,Internal,,,,32000.0,,32000.0,259937.425,,,163502.08,163502.08,1899114.691,4951675.648,528754.345,96648.627,342061.876,90043.842,13491788.752,63547.433,138277888.0,3118.91,15022.08,15022.08,,,,,,,70656.0,70656.0,69120.0,69120.0,8704.0,8704.0
Scenario1,2012,Society.Bioethanol.Cereals,Internal,,,,6400.0,,6400.0,244427.785,,,23726.08,23726.08,224715.552,2953265.459,326259.889,34479.276,246143.449,45637.163,9621775.642,34501.048,104636416.0,2230.776,15022.08,15022.08,,,,,,,,,,,8704.0,8704.0
Scenario1,2012,Society.Bioethanol.Cereals.ExternalMaize,Internal,,,,3584.0,,3584.0,171099.45,,,10515.456,10515.456,111747.056,1312841.457,80088.548,17040.117,37488.257,25560.175,3623143.738,13518.605,46971187.2,852.006,10515.456,10515.456,,,,,,,,,,,,
Scenario1,2012,Society.Bioethanol.Cereals.ExternalMaize.MaizeCrop,Internal,,,,,,,171099.45,,,,10515.456,111747.056,,80088.548,17040.117,37488.257,25560.175,3623143.738,11260.685,,852.006,,10515.456,,,,,,,,,,,,
Scenario1,2012,Society.Bioethanol.Cereals.ExternalMaize.MaizeProcessing,Internal,,,,3225.6,,3225.6,,28030.464,8999.424,10515.456,,,1312841.457,,,,,,2257.92,46971187.2,,10515.456,,,,,,,,,,,,,
Scenario1,2012,Society.Bioethanol.Cereals.ExternalWheat,Internal,,,,1024.0,,1024.0,0.0,,,6963.2,6963.2,52061.52,862222.131,169478.141,8109.002,154071.038,7298.102,3556684.814,12151.005,30027776.0,810.9,,,,,,,,,,,,,6963.2,6963.2
Scenario1,2012,Society.Bioethanol.Cereals.ExternalWheat.WheatCrop,Internal,,,,,,,0.0,,,,6963.2,52061.52,,169478.141,8109.002,154071.038,7298.102,3556684.814,10717.405,,810.9,,,,,,,,,,,,,,6963.2
Scenario1,2012,Society.Bioethanol.Cereals.ExternalWheat.WheatProcessing,Internal,,,,2048.0,,2048.0,,8986.624,8888.32,6963.2,,,862222.131,,,,,,1433.6,30027776.0,,,,,,,,,,,,,,6963.2,
Scenario1,2012,Society.Bioethanol.Cereals.Maize,Internal,,,,1536.0,,1536.0,73328.336,,,4506.624,4506.624,47891.596,562646.339,34323.664,7302.907,16066.396,10954.361,1552775.888,5793.688,20130508.8,365.145,4506.624,4506.624,,,,,,,,,,,,
Scenario1,2012,Society.Bioethanol.Cereals.Maize.MaizeCrop,Internal,,,,,,,73328.336,,,,4506.624,47891.596,,34323.664,7302.907,16066.396,10954.361,1552775.888,4826.008,,365.145,,4506.624,,,,,,,,,,,,
Scenario1,2012,Society.Bioethanol.Cereals.Maize.MaizeProcessing,Internal,,,,1382.4,,1382.4,,12013.056,3856.896,4506.624,,,562646.339,,,,,,967.68,20130508.8,,4506.624,,,,,,,,,,,,,
Scenario1,2012,Society.Bioethanol.Cereals.Wheat,Internal,,,,256.0,,256.0,0.0,,,1740.8,1740.8,13015.38,215555.533,42369.535,2027.25,38517.759,1824.525,889171.203,3037.751,7506944.0,202.725,,,,,,,,,,,,,1740.8,1740.8
Scenario1,2012,Society.Bioethanol.Cereals.Wheat.WheatCrop,Internal,,,,,,,0.0,,,,1740.8,13015.38,,42369.535,2027.25,38517.759,1824.525,889171.203,2679.351,,202.725,,,,,,,,,,,,,,1740.8
Scenario1,2012,Society.Bioethanol.Cereals.Wheat.WheatProcessing,Internal,,,,512.0,,512.0,,2246.656,2222.08,1740.8,,,215555.533,,,,,,358.4,7506944.0,,,,,,,,,,,,,,1740.8,
Scenario1,2012,Society.Bioethanol.SugarCrops,Internal,,,,25600.0,,25600.0,15509.64,,,139776.0,139776.0,1674399.139,1998410.189,202494.457,62169.351,95918.427,44406.679,3870013.11,29046.384,33641472.0,888.134,,,,,,,,,70656.0,70656.0,69120.0,69120.0,,
Scenario1,2012,Society.Bioethanol.SugarCrops.ExternalSugarBeet,Internal,,,,5120.0,,5120.0,7754.82,,,35328.0,35328.0,837199.569,669717.197,101247.228,31084.675,47959.213,22203.34,1935006.555,12910.392,15525888.0,444.067,,,,,,,,,35328.0,35328.0,,,,
Scenario1,2012,Society.Bioethanol.SugarCrops.ExternalSugarBeet.SugarBeetCrop,Internal,,,,,,,7754.82,,,,35328.0,837199.569,,101247.228,31084.675,47959.213,22203.34,1935006.555,10759.992,,444.067,,,,,,,,,,35328.0,,,,
Scenario1,2012,Society.Bioethanol.SugarCrops.ExternalSugarBeet.SugarBeetProcessing,Internal,,,,3072.0,,3072.0,,33793.852,3379.2,35328.0,,,669717.197,,,,,,2150.4,15525888.0,,,,,,,,,,35328.0,,,,,
Scenario1,2012,Society.Bioethanol.SugarCrops.ExternalSugarCane,Internal,,,,9216.0,,9216.0,,,,41472.0,41472.0,,395385.477,,,,,,1935.36,1553817.6,,,,,,,,,,,,41472.0,41472.0,,
Scenario1,2012,Society.Bioethanol.SugarCrops.ExternalSugarCane.SugarCaneCrop,Internal,,,,,,,,,,,41472.0,,,,,,,,,,,,,,,,,,,,,,41472.0,,
Scenario1,2012,Society.Bioethanol.SugarCrops.ExternalSugarCane.SugarCaneProcessing,Internal,,,,2764.8,,2764.8,,85985.28,58613.76,41472.0,,,395385.477,,,,,,1935.36,1553817.6,,,,,,,,,,,,41472.0,,,
Scenario1,2012,Society.Bioethanol.SugarCrops.SugarBeet,Internal,,,,5120.0,,5120.0,7754.82,,,35328.0,35328.0,837199.569,669717.197,101247.228,31084.675,47959.213,22203.34,1935006.555,12910.392,15525888.0,444.067,,,,,,,,,35328.0,35328.0,,,,
Scenario1,2012,Society.Bioethanol.SugarCrops.SugarBeet.SugarBeetCrop,Internal,,,,,,,7754.82,,,,35328.0,837199.569,,101247.228,31084.675,47959.213,22203.34,1935006.555,10759.992,,444.067,,,,,,,,,,35328.0,,,,
Scenario1,2012,Society.Bioethanol.SugarCrops.SugarBeet.SugarBeetProcessing,Internal,,,,3072.0,,3072.0,,33793.852,3379.2,35328.0,,,669717.197,,,,,,2150.4,15525888.0,,,,,,,,,,35328.0,,,,,
Scenario1,2012,Society.Bioethanol.SugarCrops.SugarCane,Internal,,,,6144.0,,6144.0,,,,27648.0,27648.0,,263590.318,,,,,,1290.24,1035878.4,,,,,,,,,,,,27648.0,27648.0,,
Scenario1,2012,Society.Bioethanol.SugarCrops.SugarCane.SugarCaneCrop,Internal,,,,,,,,,,,27648.0,,,,,,,,,,,,,,,,,,,,,,27648.0,,
Scenario1,2012,Society.Bioethanol.SugarCrops.SugarCane.SugarCaneProcessing,Internal,,,,1843.2,,1843.2,,57323.52,39075.84,27648.0,,,263590.318,,,,,,1290.24,1035878.4,,,,,,,,,,,,27648.0,,,
Scenario1,2012,Society.CommerceExports,Internal,18250.0,,22400.0,,40650.0,,,,,,,,,,,,,,,,,,,,,,,,,,,,,,
Scenario1,2013,Society,Internal,6750.0,25000.0,9600.0,32000.0,16350.0,57000.0,259937.425,,,198902.995,198902.995,1201191.829,6431308.076,1494853.542,221208.745,1079396.352,194248.445,24098339.655,118323.259,155786139.311,7252.731,15022.08,15022.08,4768.9,4768.9,12105.23,12105.23,18526.786,18526.786,70656.0,70656.0,69120.0,69120.0,8704.0,8704.0
Scenario1,2013,Society.Biodiesel,Internal,,25000.0,,,,25000.0,0.0,,,35400.915,35400.915,340832.986,1479632.428,962650.649,122891.572,737349.433,102409.643,10606550.902,54729.851,17508251.311,4096.386,,,4768.9,4768.9,12105.23,12105.23,18526.786,18526.786,,,,,,
Scenario1,2013,Society.Biodiesel.OilCrops,Internal,,25000.0,,,,25000.0,0.0,,,35400.915,35400.915,340832.986,1479632.428,962650.649,122891.572,737349.433,102409.643,10606550.902,54729.851,17508251.311,4096.386,,,4768.9,4768.9,12105.23,12105.23,18526.786,18526.786,,,,,,
Scenario1,2013,Society.Biodiesel.OilCrops.ExternalPalmOil,Internal,,1500.0,,,,1500.0,,,,1430.67,1430.67,,15642.0,,,,,,420.0,323302.8,,,,1430.67,1430.67,,,,,,,,,,
Scenario1,2013,Society.Biodiesel.OilCrops.ExternalPalmOil.PalmOilCrop,Internal,,,,,,,,,,,1430.67,,,,,,,,,,,,,,1430.67,,,,,,,,,,
Scenario1,2013,Society.Biodiesel.OilCrops.ExternalPalmOil.PalmOilProcessing,Internal,,300.0,,,,300.0,,4391.848,2314.41,1430.67,,,15642.0,,,,,,420.0,323302.8,,,,1430.67,,,,,,,,,,,
Scenario1,2013,Society.Biodiesel.OilCrops.ExternalRapeSeed,Internal,,1500.0,,,,1500.0,0.0,,,2421.046,2421.046,68166.597,180918.0,192530.13,24578.314,147469.887,20481.929,2121310.18,10140.97,1120878.0,819.277,,,,,2421.046,2421.046,,,,,,,,
Scenario1,2013,Society.Biodiesel.OilCrops.ExternalRapeSeed.RapeSeedCrop,Internal,,,,,,,0.0,,,,2421.046,68166.597,,192530.13,24578.314,147469.887,20481.929,2121310.18,9510.97,,819.277,,,,,,2421.046,,,,,,,,
Scenario1,2013,Society.Biodiesel.OilCrops.ExternalRapeSeed.RapeSeedProcessing,Internal,,900.0,,,,900.0,,381.257,178.36,2421.046,,,180918.0,,,,,,630.0,1120878.0,,,,,,2421.046,,,,,,,,,
Scenario1,2013,Society.Biodiesel.OilCrops.ExternalSoyBean,Internal,,5000.0,,,,5000.0,,,,7410.714,7410.714,,209160.971,,,,,,1050.0,4330474.125,,,,,,,,7410.714,7410.714,,,,,,
Scenario1,2013,Society.Biodiesel.OilCrops.ExternalSoyBean.SoyBeanCrop,Internal,,,,,,,,,,,7410.714,,,,,,,,,,,,,,,,,,7410.714,,,,,,
Scenario1,2013,Society.Biodiesel.OilCrops.ExternalSoyBean.SoyBeanProcessing,Internal,,1500.0,,,,1500.0,,724.526,478.083,7410.714,,,209160.971,,,,,,1050.0,4330474.125,,,,,,,,7410.714,,,,,,,
Scenario1,2013,Society.Biodiesel.OilCrops.PalmOil,Internal,,3500.0,,,,3500.0,,,,3338.23,3338.23,,36498.0,,,,,,980.0,754373.2,,,,3338.23,3338.23,,,,,,,,,,
Scenario1,2013,Society.Biodiesel.OilCrops.PalmOil.PalmOilCrop,Internal,,,,,,,,,,,3338.23,,,,,,,,,,,,,,3338.23,,,,,,,,,,
Scenario1,2013,Society.Biodiesel.OilCrops.PalmOil.PalmOilProcessing,Internal,,700.0,,,,700.0,,10247.645,5400.29,3338.23,,,36498.0,,,,,,980.0,754373.2,,,,3338.23,,,,,,,,,,,
Scenario1,2013,Society.Biodiesel.OilCrops.RapeSeed,Internal,,6000.0,,,,6000.0,0.0,,,9684.184,9684.184,272666.389,723672.0,770120.519,98313.258,589879.547,81927.715,8485240.722,40563.881,4483512.0,3277.109,,,,,9684.184,9684.184,,,,,,,,
Scenario1,2013,Society.Biodiesel.OilCrops.RapeSeed.RapeSeedCrop,Internal,,,,,,,0.0,,,,9684.184,272666.389,,770120.519,98313.258,589879.547,81927.715,8485240.722,38043.881,,3277.109,,,,,,9684.184,,,,,,,,
Scenario1,2013,Society.Biodiesel.OilCrops.RapeSeed.RapeSeedProcessing,Internal,,3600.0,,,,3600.0,,1525.028,713.441,9684.184,,,723672.0,,,,,,2520.0,4483512.0,,,,,,9684.184,,,,,,,,,
Scenario1,2013,Society.Biodiesel.OilCrops.SoyBean,Internal,,7500.0,,,,7500.0,,,,11116.071,11116.071,,313741.457,,,,,,1575.0,6495711.187,,,,,,,,11116.071,11116.071,,,,,,
Scenario1,2013,Society.Biodiesel.OilCrops.SoyBean.SoyBeanCrop,Internal,,,,,,,,,,,11116.071,,,,,,,,,,,,,,,,,,11116.071,,,,,,
Scenario1,2013,Society.Biodiesel.OilCrops.SoyBean.SoyBeanProcessing,Internal,,2250.0,,,,2250.0,,1086.789,717.124,11116.071,,,313741.457,,,,,,1575.0,6495711.187,,,,,,,,11116.071,,,,,,,
Scenario1,2013,Society.Bioethanol,Internal,,,,32000.0,,32000.0,259937.425,,,163502.08,163502.08,860358.843,4951675.648,532202.893,98317.172,342046.919,91838.802,13491788.752,63593.408,138277888.0,3156.345,15022.08,15022.08,,,,,,,70656.0,70656.0,69120.0,69120.0,8704.0,8704.0
Scenario1,2013,Society.Bioethanol.Cereals,Internal,,,,6400.0,,6400.0,244427.785,,,23726.08,23726.08,122747.758,2953265.459,326329.293,35110.366,244527.845,46691.083,9621775.642,34447.104,104636416.0,2253.391,15022.08,15022.08,,,,,,,,,,,8704.0,8704.0
Scenario1,2013,Society.Bioethanol.Cereals.ExternalMaize,Internal,,,,3584.0,,3584.0,171099.45,,,10515.456,10515.456,78579.145,1312841.457,82753.116,17607.046,38735.501,26410.569,3623143.738,13755.409,46971187.2,880.352,10515.456,10515.456,,,,,,,,,,,,
Scenario1,2013,Society.Bioethanol.Cereals.ExternalMaize.MaizeCrop,Internal,,,,,,,171099.45,,,,10515.456,78579.145,,82753.116,17607.046,38735.501,26410.569,3623143.738,11497.489,,880.352,,10515.456,,,,,,,,,,,,
Scenario1,2013,Society.Bioethanol.Cereals.ExternalMaize.MaizeProcessing,Internal,,,,3225.6,,3225.6,,28030.464,8999.424,10515.456,,,1312841.457,,,,,,2257.92,46971187.2,,10515.456,,,,,,,,,,,,,
Scenario1,2013,Society.Bioethanol.Cereals.ExternalWheat,Internal,,,,1024.0,,1024.0,0.0,,,6963.2,6963.2,8393.469,862222.131,166488.446,7965.954,151353.132,7169.359,3556684.814,11837.216,30027776.0,796.596,,,,,,,,,,,,,6963.2,6963.2
Scenario1,2013,Society.Bioethanol.Cereals.ExternalWheat.WheatCrop,Internal,,,,,,,0.0,,,,6963.2,8393.469,,166488.446,7965.954,151353.132,7169.359,3556684.814,10403.616,,796.596,,,,,,,,,,,,,,6963.2
Scenario1,2013,Society.Bioethanol.Cereals.ExternalWheat.WheatProcessing,Internal,,,,2048.0,,2048.0,,8986.624,8888.32,6963.2,,,862222.131,,,,,,1433.6,30027776.0,,,,,,,,,,,,,,6963.2,
Scenario1,2013,Society.Bioethanol.Cereals.Maize,Internal,,,,1536.0,,1536.0,73328.336,,,4506.624,4506.624,33676.777,562646.339,35465.621,7545.877,16600.929,11318.815,1552775.888,5895.175,20130508.8,377.294,4506.624,4506.624,,,,,,,,,,,,
Scenario1,2013,Society.Bioethanol.Cereals.Maize.MaizeCrop,Internal,,,,,,,73328.336,,,,4506.624,33676.777,,35465.621,7545.877,16600.929,11318.815,1552775.888,4927.495,,377.294,,4506.624,,,,,,,,,,,,
Scenario1,2013,Society.Bioethanol.Cereals.Maize.MaizeProcessing,Internal,,,,1382.4,,1382.4,,12013.056,3856.896,4506.624,,,562646.339,,,,,,967.68,20130508.8,,4506.624,,,,,,,,,,,,,
Scenario1,2013,Society.Bioethanol.Cereals.Wheat,Internal,,,,256.0,,256.0,0.0,,,1740.8,1740.8,2098.367,215555.533,41622.111,1991.489,37838.283,1792.34,889171.203,2959.304,7506944.0,199.149,,,,,,,,,,,,,1740.8,1740.8
Scenario1,2013,Society.Bioethanol.Cereals.Wheat.WheatCrop,Internal,,,,,,,0.0,,,,1740.8,2098.367,,41622.111,1991.489,37838.283,1792.34,889171.203,2600.904,,199.149,,,,,,,,,,,,,,1740.8
Scenario1,2013,Society.Bioethanol.Cereals.Wheat.WheatProcessing,Internal,,,,512.0,,512.0,,2246.656,2222.08,1740.8,,,215555.533,,,,,,358.4,7506944.0,,,,,,,,,,,,,,1740.8,
Scenario1,2013,Society.Bioethanol.SugarCrops,Internal,,,,25600.0,,25600.0,15509.64,,,139776.0,139776.0,737611.085,1998410.189,205873.6,63206.807,97519.074,45147.719,3870013.11,29146.303,33641472.0,902.954,,,,,,,,,70656.0,70656.0,69120.0,69120.0,,
Scenario1,2013,Society.Bioethanol.SugarCrops.ExternalSugarBeet,Internal,,,,5120.0,,5120.0,7754.82,,,35328.0,35328.0,368805.543,669717.197,102936.8,31603.403,48759.537,22573.86,1935006.555,12960.352,15525888.0,451.477,,,,,,,,,35328.0,35328.0,,,,
Scenario1,2013,Society.Bioethanol.SugarCrops.ExternalSugarBeet.SugarBeetCrop,Internal,,,,,,,7754.82,,,,35328.0,368805.543,,102936.8,31603.403,48759.537,22573.86,1935006.555,10809.952,,451.477,,,,,,,,,,35328.0,,,,
Scenario1,2013,Society.Bioethanol.SugarCrops.ExternalSugarBeet.SugarBeetProcessing,Internal,,,,3072.0,,3072.0,,33793.852,3379.2,35328.0,,,669717.197,,,,,,2150.4,15525888.0,,,,,,,,,,35328.0,,,,,
Scenario1,2013,Society.Bioethanol.SugarCrops.ExternalSugarCane,Internal,,,,9216.0,,9216.0,,,,41472.0,41472.0,,395385.477,,,,,,1935.36,1553817.6,,,,,,,,,,,,41472.0,41472.0,,
Scenario1,2013,Society.Bioethanol.SugarCrops.ExternalSugarCane.SugarCaneCrop,Internal,,,,,,,,,,,41472.0,,,,,,,,,,,,,,,,,,,,,,41472.0,,
Scenario1,2013,Society.Bioethanol.SugarCrops.ExternalSugarCane.SugarCaneProcessing,Internal,,,,2764.8,,2764.8,,85985.28,58613.76,41472.0,,,395385.477,,,,,,1935.36,1553817.6,,,,,,,,,,,,41472.0,,,
Scenario1,2013,Society.Bioethanol.SugarCrops.SugarBeet,Internal,,,,5120.0,,5120.0,7754.82,,,35328.0,35328.0,368805.543,669717.197,102936.8,31603.403,48759.537,22573.86,1935006.555,12960.352,15525888.0,451.477,,,,,,,,,35328.0,35328.0,,,,
Scenario1,2013,Society.Bioethanol.SugarCrops.SugarBeet.SugarBeetCrop,Internal,,,,,,,7754.82,,,,35328.0,368805.543,,102936.8,31603.403,48759.537,22573.86,1935006.555,10809.952,,451.477,,,,,,,,,,35328.0,,,,
Scenario1,2013,Society.Bioethanol.SugarCrops.SugarBeet.SugarBeetProcessing,Internal,,,,3072.0,,3072.0,,33793.852,3379.2,35328.0,,,669717.197,,,,,,2150.4,15525888.0,,,,,,,,,,35328.0,,,,,
Scenario1,2013,Society.Bioethanol.SugarCrops.SugarCane,Internal,,,,6144.0,,6144.0,,,,27648.0,27648.0,,263590.318,,,,,,1290.24,1035878.4,,,,,,,,,,,,27648.0,27648.0,,
Scenario1,2013,Society.Bioethanol.SugarCrops.SugarCane.SugarCaneCrop,Internal,,,,,,,,,,,27648.0,,,,,,,,,,,,,,,,,,,,,,27648.0,,
Scenario1,2013,Society.Bioethanol.SugarCrops.SugarCane.SugarCaneProcessing,Internal,,,,1843.2,,1843.2,,57323.52,39075.84,27648.0,,,263590.318,,,,,,1290.24,1035878.4,,,,,,,,,,,,27648.0,,,
Scenario1,2013,Society.CommerceExports,Internal,18250.0,,22400.0,,40650.0,,,,,,,,,,,,,,,,,,,,,,,,,,,,,,
Scenario2,2011,Society,Internal,7000.0,35000.0,9600.0,24000.0,16600.0,59000.0,194953.069,,,172187.841,172187.841,544162.636,5785242.135,1570612.266,220942.615,1158341.439,191328.212,24968012.828,116993.013,128219967.836,7344.042,11266.56,11266.56,6676.46,6676.46,16947.321,16947.321,25937.5,25937.5,52992.0,52992.0,51840.0,51840.0,6528.0,6528.0
Scenario2,2011,Society.Biodiesel,Internal,,35000.0,,,,35000.0,0.0,,,49561.281,49561.281,130856.164,2071485.399,1158176.202,147852.281,887113.687,123210.234,14849171.263,68187.733,24511551.836,4928.409,,,6676.46,6676.46,16947.321,16947.321,25937.5,25937.5,,,,,,
Scenario2,2011,Society.Biodiesel.OilCrops,Internal,,35000.0,,,,35000.0,0.0,,,49561.281,49561.281,130856.164,2071485.399,1158176.202,147852.281,887113.687,123210.234,14849171.263,68187.733,24511551.836,4928.409,,,6676.46,6676.46,16947.321,16947.321,25937.5,25937.5,,,,,,
Scenario2,2011,Society.Biodiesel.OilCrops.ExternalPalmOil,Internal,,3500.0,,,,3500.0,,,,3338.23,3338.23,,36498.0,,,,,,980.0,754373.2,,,,3338.23,3338.23,,,,,,,,,,
Scenario2,2011,Society.Biodiesel.OilCrops.ExternalPalmOil.PalmOilCrop,Internal,,,,,,,,,,,3338.23,,,,,,,,,,,,,,3338.23,,,,,,,,,,
Scenario2,2011,Society.Biodiesel.OilCrops.ExternalPalmOil.PalmOilProcessing,Internal,,700.0,,,,700.0,,10247.645,5400.29,3338.23,,,36498.0,,,,,,980.0,754373.2,,,,3338.23,,,,,,,,,,,
Scenario2,2011,Society.Biodiesel.OilCrops.ExternalRapeSeed,Internal,,5250.0,,,,5250.0,0.0,,,8473.661,8473.661,65428.082,633213.0,579088.101,73926.141,443556.843,61605.117,7424585.632,31276.366,3923073.0,2464.205,,,,,8473.661,8473.661,,,,,,,,
Scenario2,2011,Society.Biodiesel.OilCrops.ExternalRapeSeed.RapeSeedCrop,Internal,,,,,,,0.0,,,,8473.661,65428.082,,579088.101,73926.141,443556.843,61605.117,7424585.632,29071.366,,2464.205,,,,,,8473.661,,,,,,,,
Scenario2,2011,Society.Biodiesel.OilCrops.ExternalRapeSeed.RapeSeedProcessing,Internal,,3150.0,,,,3150.0,,1334.4,624.261,8473.661,,,633213.0,,,,,,2205.0,3923073.0,,,,,,8473.661,,,,,,,,,
Scenario2,2011,Society.Biodiesel.OilCrops.ExternalSoyBean,Internal,,8750.0,,,,8750.0,,,,12968.75,12968.75,,366031.699,,,,,,1837.5,7578329.718,,,,,,,,12968.75,12968.75,,,,,,
Scenario2,2011,Society.Biodiesel.OilCrops.ExternalSoyBean.SoyBeanCrop,Internal,,,,,,,,,,,12968.75,,,,,,,,,,,,,,,,,,12968.75,,,,,,
Scenario2,2011,Society.Biodiesel.OilCrops.ExternalSoyBean.SoyBeanProcessing,Internal,,2625.0,,,,2625.0,,1267.921,836.645,12968.75,,,366031.699,,,,,,1837.5,7578329.718,,,,,,,,12968.75,,,,,,,
Scenario2,2011,Society.Biodiesel.OilCrops.PalmOil,Internal,,3500.0,,,,3500.0,,,,3338.23,3338.23,,36498.0,,,,,,980.0,754373.2,,,,3338.23,3338.23,,,,,,,,,,
Scenario2,2011,Society.Biodiesel.OilCrops.PalmOil.PalmOilCrop,Internal,,,,,,,,,,,3338.23,,,,,,,,,,,,,,3338.23,,,,,,,,,,
Scenario2,2011,Society.Biodiesel.OilCrops.PalmOil.PalmOilProcessing,Internal,,700.0,,,,700.0,,10247.645,5400.29,3338.23,,,36498.0,,,,,,980.0,754373.2,,,,3338.23,,,,,,,,,,,
Scenario2,2011,Society.Biodiesel.OilCrops.RapeSeed,Internal,,5250.0,,,,5250.0,0.0,,,8473.661,8473.661,65428.082,633213.0,579088.101,73926.141,443556.843,61605.117,7424585.632,31276.366,3923073.0,2464.205,,,,,8473.661,8473.661,,,,,,,,
Scenario2,2011,Society.Biodiesel.OilCrops.RapeSeed.RapeSeedCrop,Internal,,,,,,,0.0,,,,8473.661,65428.082,,579088.101,73926.141,443556.843,61605.117,7424585.632,29071.366,,2464.205,,,,,,8473.661,,,,,,,,
Scenario2,2011,Society.Biodiesel.OilCrops.RapeSeed.RapeSeedProcessing,Internal,,3150.0,,,,3150.0,,1334.4,624.261,8473.661,,,633213.0,,,,,,2205.0,3923073.0,,,,,,8473.661,,,,,,,,,
Scenario2,2011,Society.Biodiesel.OilCrops.SoyBean,Internal,,8750.0,,,,8750.0,,,,12968.75,12968.75,,366031.699,,,,,,1837.5,7578329.718,,,,,,,,12968.75,12968.75,,,,,,
Scenario2,2011,Society.Biodiesel.OilCrops.SoyBean.SoyBeanCrop,Internal,,,,,,,,,,,12968.75,,,,,,,,,,,,,,,,,,12968.75,,,,,,
Scenario2,2011,Society.Biodiesel.OilCrops.SoyBean.SoyBeanProcessing,Internal,,2625.0,,,,2625.0,,1267.921,836.645,12968.75,,,366031.699,,,,,,1837.5,7578329.718,,,,,,,,12968.75,,,,,,,
Scenario2,2011,Society.Bioethanol,Internal,,,,24000.0,,24000.0,194953.069,,,122626.56,122626.56,413306.472,3713756.736,412436.064,73090.334,271227.752,68117.978,10118841.564,48805.28,103708416.0,2415.632,11266.56,11266.56,,,,,,,52992.0,52992.0,51840.0,51840.0,6528.0,6528.0
Scenario2,2011,Society.Bioethanol.Cereals,Internal,,,,4800.0,,4800.0,183320.839,,,17794.56,17794.56,349164.178,2214949.094,261193.911,26656.34,199586.733,34950.839,7216331.732,27019.845,78477312.0,1752.29,11266.56,11266.56,,,,,,,,,,,6528.0,6528.0
Scenario2,2011,Society.Bioethanol.Cereals.ExternalMaize,Internal,,,,1920.0,,1920.0,91660.42,,,5633.28,5633.28,136303.756,703307.923,42927.187,9133.444,20093.577,13700.166,1940969.859,7270.621,25163136.0,456.672,5633.28,5633.28,,,,,,,,,,,,
Scenario2,2011,Society.Bioethanol.Cereals.ExternalMaize.MaizeCrop,Internal,,,,,,,91660.42,,,,5633.28,136303.756,,42927.187,9133.444,20093.577,13700.166,1940969.859,6061.021,,456.672,,5633.28,,,,,,,,,,,,
Scenario2,2011,Society.Bioethanol.Cereals.ExternalMaize.MaizeProcessing,Internal,,,,1728.0,,1728.0,,15016.32,4821.12,5633.28,,,703307.923,,,,,,1209.6,25163136.0,,5633.28,,,,,,,,,,,,,
Scenario2,2011,Society.Bioethanol.Cereals.ExternalWheat,Internal,,,,480.0,,480.0,0.0,,,3264.0,3264.0,38278.333,404166.624,87669.768,4194.726,79699.789,3775.253,1667196.006,6239.302,14075520.0,419.473,,,,,,,,,,,,,3264.0,3264.0
Scenario2,2011,Society.Bioethanol.Cereals.ExternalWheat.WheatCrop,Internal,,,,,,,0.0,,,,3264.0,38278.333,,87669.768,4194.726,79699.789,3775.253,1667196.006,5567.302,,419.473,,,,,,,,,,,,,,3264.0
Scenario2,2011,Society.Bioethanol.Cereals.ExternalWheat.WheatProcessing,Internal,,,,960.0,,960.0,,4212.48,4166.4,3264.0,,,404166.624,,,,,,672.0,14075520.0,,,,,,,,,,,,,,3264.0,
Scenario2,2011,Society.Bioethanol.Cereals.Maize,Internal,,,,1920.0,,1920.0,91660.42,,,5633.28,5633.28,136303.756,703307.923,42927.187,9133.444,20093.577,13700.166,1940969.859,7270.621,25163136.0,456.672,5633.28,5633.28,,,,,,,,,,,,
Scenario2,2011,Society.Bioethanol.Cereals.Maize.MaizeCrop,Internal,,,,,,,91660.42,,,,5633.28,136303.756,,42927.187,9133.444,20093.577,13700.166,1940969.859,6061.021,,456.672,,5633.28,,,,,,,,,,,,
Scenario2,2011,Society.Bioethanol.Cereals.Maize.MaizeProcessing,Internal,,,,1728.0,,1728.0,,15016.32,4821.12,5633.28,,,703307.923,,,,,,1209.6,25163136.0,,5633.28,,,,,,,,,,,,,
Scenario2,2011,Society.Bioethanol.Cereals.Wheat,Internal,,,,480.0,,480.0,0.0,,,3264.0,3264.0,38278.333,404166.624,87669.768,4194.726,79699.789,3775.253,1667196.006,6239.302,14075520.0,419.473,,,,,,,,,,,,,3264.0,3264.0
Scenario2,2011,Society.Bioethanol.Cereals.Wheat.WheatCrop,Internal,,,,,,,0.0,,,,3264.0,38278.333,,87669.768,4194.726,79699.789,3775.253,1667196.006,5567.302,,419.473,,,,,,,,,,,,,,3264.0
Scenario2,2011,Society.Bioethanol.Cereals.Wheat.WheatProcessing,Internal,,,,960.0,,960.0,,4212.48,4166.4,3264.0,,,404166.624,,,,,,672.0,14075520.0,,,,,,,,,,,,,,3264.0,
Scenario2,2011,Society.Bioethanol.SugarCrops,Internal,,,,19200.0,,19200.0,11632.23,,,104832.0,104832.0,64142.294,1498807.642,151242.153,46433.994,71641.02,33167.139,2902509.832,21785.435,25231104.0,663.343,,,,,,,,,52992.0,52992.0,51840.0,51840.0,,
Scenario2,2011,Society.Bioethanol.SugarCrops.ExternalSugarBeet,Internal,,,,3840.0,,3840.0,5816.115,,,26496.0,26496.0,32071.147,502287.898,75621.076,23216.997,35820.51,16583.569,1451254.916,9683.118,11644416.0,331.671,,,,,,,,,26496.0,26496.0,,,,
Scenario2,2011,Society.Bioethanol.SugarCrops.ExternalSugarBeet.SugarBeetCrop,Internal,,,,,,,5816.115,,,,26496.0,32071.147,,75621.076,23216.997,35820.51,16583.569,1451254.916,8070.318,,331.671,,,,,,,,,,26496.0,,,,
Scenario2,2011,Society.Bioethanol.SugarCrops.ExternalSugarBeet.SugarBeetProcessing,Internal,,,,2304.0,,2304.0,,25345.389,2534.4,26496.0,,,502287.898,,,,,,1612.8,11644416.0,,,,,,,,,,26496.0,,,,,
Scenario2,2011,Society.Bioethanol.SugarCrops.ExternalSugarCane,Internal,,,,5760.0,,5760.0,,,,25920.0,25920.0,,247115.923,,,,,,1209.6,971136.0,,,,,,,,,,,,25920.0,25920.0,,
Scenario2,2011,Society.Bioethanol.SugarCrops.ExternalSugarCane.SugarCaneCrop,Internal,,,,,,,,,,,25920.0,,,,,,,,,,,,,,,,,,,,,,25920.0,,
Scenario2,2011,Society.Bioethanol.SugarCrops.ExternalSugarCane.SugarCaneProcessing,Internal,,,,1728.0,,1728.0,,53740.8,36633.6,25920.0,,,247115.923,,,,,,1209.6,971136.0,,,,,,,,,,,,25920.0,,,
Scenario2,2011,Society.Bioethanol.SugarCrops.SugarBeet,Internal,,,,3840.0,,3840.0,5816.115,,,26496.0,26496.0,32071.147,502287.898,75621.076,23216.997,35820.51,16583.569,1451254.916,9683.118,11644416.0,331.671,,,,,,,,,26496.0,26496.0,,,,
Scenario2,2011,Society.Bioethanol.SugarCrops.SugarBeet.SugarBeetCrop,Internal,,,,,,,5816.115,,,,26496.0,32071.147,,75621.076,23216.997,35820.51,16583.569,1451254.916,8070.318,,331.671,,,,,,,,,,26496.0,,,,
Scenario2,2011,Society.Bioethanol.SugarCrops.SugarBeet.SugarBeetProcessing,Internal,,,,2304.0,,2304.0,,25345.389,2534.4,26496.0,,,502287.898,,,,,,1612.8,11644416.0,,,,,,,,,,26496.0,,,,,
Scenario2,2011,Society.Bioethanol.SugarCrops.SugarCane,Internal,,,,5760.0,,5760.0,,,,25920.0,25920.0,,247115.923,,,,,,1209.6,971136.0,,,,,,,,,,,,25920.0,25920.0,,
Scenario2,2011,Society.Bioethanol.SugarCrops.SugarCane.SugarCaneCrop,Internal,,,,,,,,,,,25920.0,,,,,,,,,,,,,,,,,,,,,,25920.0,,
Scenario2,2011,Society.Bioethanol.SugarCrops.SugarCane.SugarCaneProcessing,Internal,,,,1728.0,,1728.0,,53740.8,36633.6,25920.0,,,247115.923,,,,,,1209.6,971136.0,,,,,,,,,,,,25920.0,,,
Scenario2,2011,Society.CommerceExports,Internal,28000.0,,14400.0,,42400.0,,,,,,,,,,,,,,,,,,,,,,,,,,,,,,
Scenario2,2012,Society,Internal,7000.0,35000.0,9600.0,24000.0,16600.0,59000.0,194953.069,,,172187.841,172187.841,1445191.621,5785242.135,1530892.306,217294.115,1125392.273,188205.918,24968012.828,114413.001,128219967.836,7166.104,11266.56,11266.56,6676.46,6676.46,16947.321,16947.321,25937.5,25937.5,52992.0,52992.0,51840.0,51840.0,6528.0,6528.0
Scenario2,2012,Society.Biodiesel,Internal,,35000.0,,,,35000.0,0.0,,,49561.281,49561.281,20855.603,2071485.399,1134326.547,144807.644,868845.866,120673.037,14849171.263,66752.427,24511551.836,4826.921,,,6676.46,6676.46,16947.321,16947.321,25937.5,25937.5,,,,,,
Scenario2,2012,Society.Biodiesel.OilCrops,Internal,,35000.0,,,,35000.0,0.0,,,49561.281,49561.281,20855.603,2071485.399,1134326.547,144807.644,868845.866,120673.037,14849171.263,66752.427,24511551.836,4826.921,,,6676.46,6676.46,16947.321,16947.321,25937.5,25937.5,,,,,,
Scenario2,2012,Society.Biodiesel.OilCrops.ExternalPalmOil,Internal,,3500.0,,,,3500.0,,,,3338.23,3338.23,,36498.0,,,,,,980.0,754373.2,,,,3338.23,3338.23,,,,,,,,,,
Scenario2,2012,Society.Biodiesel.OilCrops.ExternalPalmOil.PalmOilCrop,Internal,,,,,,,,,,,3338.23,,,,,,,,,,,,,,3338.23,,,,,,,,,,
Scenario2,2012,Society.Biodiesel.OilCrops.ExternalPalmOil.PalmOilProcessing,Internal,,700.0,,,,700.0,,10247.645,5400.29,3338.23,,,36498.0,,,,,,980.0,754373.2,,,,3338.23,,,,,,,,,,,
Scenario2,2012,Society.Biodiesel.OilCrops.ExternalRapeSeed,Internal,,5250.0,,,,5250.0,0.0,,,8473.661,8473.661,10427.802,633213.0,567163.273,72403.822,434422.933,60336.518,7424585.632,30558.713,3923073.0,2413.461,,,,,8473.661,8473.661,,,,,,,,
Scenario2,2012,Society.Biodiesel.OilCrops.ExternalRapeSeed.RapeSeedCrop,Internal,,,,,,,0.0,,,,8473.661,10427.802,,567163.273,72403.822,434422.933,60336.518,7424585.632,28353.713,,2413.461,,,,,,8473.661,,,,,,,,
Scenario2,2012,Society.Biodiesel.OilCrops.ExternalRapeSeed.RapeSeedProcessing,Internal,,3150.0,,,,3150.0,,1334.4,624.261,8473.661,,,633213.0,,,,,,2205.0,3923073.0,,,,,,8473.661,,,,,,,,,
Scenario2,2012,Society.Biodiesel.OilCrops.ExternalSoyBean,Internal,,8750.0,,,,8750.0,,,,12968.75,12968.75,,366031.699,,,,,,1837.5,7578329.718,,,,,,,,12968.75,12968.75,,,,,,
Scenario2,2012,Society.Biodiesel.OilCrops.ExternalSoyBean.SoyBeanCrop,Internal,,,,,,,,,,,12968.75,,,,,,,,,,,,,,,,,,12968.75,,,,,,
Scenario2,2012,Society.Biodiesel.OilCrops.ExternalSoyBean.SoyBeanProcessing,Internal,,2625.0,,,,2625.0,,1267.921,836.645,12968.75,,,366031.699,,,,,,1837.5,7578329.718,,,,,,,,12968.75,,,,,,,
Scenario2,2012,Society.Biodiesel.OilCrops.PalmOil,Internal,,3500.0,,,,3500.0,,,,3338.23,3338.23,,36498.0,,,,,,980.0,754373.2,,,,3338.23,3338.23,,,,,,,,,,
Scenario2,2012,Society.Biodiesel.OilCrops.PalmOil.PalmOilCrop,Internal,,,,,,,,,,,3338.23,,,,,,,,,,,,,,3338.23,,,,,,,,,,
Scenario2,2012,Society.Biodiesel.OilCrops.PalmOil.PalmOilProcessing,Internal,,700.0,,,,700.0,,10247.645,5400.29,3338.23,,,36498.0,,,,,,980.0,754373.2,,,,3338.23,,,,,,,,,,,
Scenario2,2012,Society.Biodiesel.OilCrops.RapeSeed,Internal,,5250.0,,,,5250.0,0.0,,,8473.661,8473.661,10427.802,633213.0,567163.273,72403.822,434422.933,60336.518,7424585.632,30558.713,3923073.0,2413.461,,,,,8473.661,8473.661,,,,,,,,
Scenario2,2012,Society.Biodiesel.OilCrops.RapeSeed.RapeSeedCrop,Internal,,,,,,,0.0,,,,8473.661,10427.802,,567163.273,72403.822,434422.933,60336.518,7424585.632,28353.713,,2413.461,,,,,,8473.661,,,,,,,,
Scenario2,2012,Society.Biodiesel.OilCrops.RapeSeed.RapeSeedProcessing,Internal,,3150.0,,,,3150.0,,1334.4,624.261,8473.661,,,633213.0,,,,,,2205.0,3923073.0,,,,,,8473.661,,,,,,,,,
Scenario2,2012,Society.Biodiesel.OilCrops.SoyBean,Internal,,8750.0,,,,8750.0,,,,12968.75,12968.75,,366031.699,,,,,,1837.5,7578329.718,,,,,,,,12968.75,12968.75,,,,,,
Scenario2,2012,Society.Biodiesel.OilCrops.SoyBean.SoyBeanCrop,Internal,,,,,,,,,,,12968.75,,,,,,,,,,,,,,,,,,12968.75,,,,,,
Scenario2,2012,Society.Biodiesel.OilCrops.SoyBean.SoyBeanProcessing,Internal,,2625.0,,,,2625.0,,1267.921,836.645,12968.75,,,366031.699,,,,,,1837.5,7578329.718,,,,,,,,12968.75,,,,,,,
Scenario2,2012,Society.Bioethanol,Internal,,,,24000.0,,24000.0,194953.069,,,122626.56,122626.56,1424336.018,3713756.736,396565.759,72486.47,256546.407,67532.882,10118841.564,47660.575,103708416.0,2339.182,11266.56,11266.56,,,,,,,52992.0,52992.0,51840.0,51840.0,6528.0,6528.0
Scenario2,2012,Society.Bioethanol.Cereals,Internal,,,,4800.0,,4800.0,183320.839,,,17794.56,17794.56,168536.664,2214949.094,244694.917,25859.457,184607.587,34227.872,7216331.732,25875.786,78477312.0,1673.082,11266.56,11266.56,,,,,,,,,,,6528.0,6528.0
Scenario2,2012,Society.Bioethanol.Cereals.ExternalMaize,Internal,,,,1920.0,,1920.0,91660.42,,,5633.28,5633.28,59864.495,703307.923,42904.579,9128.634,20082.995,13692.951,1940969.859,7242.11,25163136.0,456.432,5633.28,5633.28,,,,,,,,,,,,
Scenario2,2012,Society.Bioethanol.Cereals.ExternalMaize.MaizeCrop,Internal,,,,,,,91660.42,,,,5633.28,59864.495,,42904.579,9128.634,20082.995,13692.951,1940969.859,6032.51,,456.432,,5633.28,,,,,,,,,,,,
Scenario2,2012,Society.Bioethanol.Cereals.ExternalMaize.MaizeProcessing,Internal,,,,1728.0,,1728.0,,15016.32,4821.12,5633.28,,,703307.923,,,,,,1209.6,25163136.0,,5633.28,,,,,,,,,,,,,
Scenario2,2012,Society.Bioethanol.Cereals.ExternalWheat,Internal,,,,480.0,,480.0,0.0,,,3264.0,3264.0,24403.838,404166.624,79442.879,3801.095,72220.799,3420.985,1667196.006,5695.783,14075520.0,380.109,,,,,,,,,,,,,3264.0,3264.0
Scenario2,2012,Society.Bioethanol.Cereals.ExternalWheat.WheatCrop,Internal,,,,,,,0.0,,,,3264.0,24403.838,,79442.879,3801.095,72220.799,3420.985,1667196.006,5023.783,,380.109,,,,,,,,,,,,,,3264.0
Scenario2,2012,Society.Bioethanol.Cereals.ExternalWheat.WheatProcessing,Internal,,,,960.0,,960.0,,4212.48,4166.4,3264.0,,,404166.624,,,,,,672.0,14075520.0,,,,,,,,,,,,,,3264.0,
Scenario2,2012,Society.Bioethanol.Cereals.Maize,Internal,,,,1920.0,,1920.0,91660.42,,,5633.28,5633.28,59864.495,703307.923,42904.579,9128.634,20082.995,13692.951,1940969.859,7242.11,25163136.0,456.432,5633.28,5633.28,,,,,,,,,,,,
Scenario2,2012,Society.Bioethanol.Cereals.Maize.MaizeCrop,Internal,,,,,,,91660.42,,,,5633.28,59864.495,,42904.579,9128.634,20082.995,13692.951,1940969.859,6032.51,,456.432,,5633.28,,,,,,,,,,,,
Scenario2,2012,Society.Bioethanol.Cereals.Maize.MaizeProcessing,Internal,,,,1728.0,,1728.0,,15016.32,4821.12,5633.28,,,703307.923,,,,,,1209.6,25163136.0,,5633.28,,,,,,,,,,,,,
Scenario2,2012,Society.Bioethanol.Cereals.Wheat,Internal,,,,480.0,,480.0,0.0,,,3264.0,3264.0,24403.838,404166.624,79442.879,3801.095,72220.799,3420.985,1667196.006,5695.783,14075520.0,380.109,,,,,,,,,,,,,3264.0,3264.0
Scenario2,2012,Society.Bioethanol.Cereals.Wheat.WheatCrop,Internal,,,,,,,0.0,,,,3264.0,24403.838,,79442.879,3801.095,72220.799,3420.985,1667196.006,5023.783,,380.109,,,,,,,,,,,,,,3264.0
Scenario2,2012,Society.Bioethanol.Cereals.Wheat.WheatProcessing,Internal,,,,960.0,,960.0,,4212.48,4166.4,3264.0,,,404166.624,,,,,,672.0,14075520.0,,,,,,,,,,,,,,3264.0,
Scenario2,2012,Society.Bioethanol.SugarCrops,Internal,,,,19200.0,,19200.0,11632.23,,,104832.0,104832.0,1255799.354,1498807.642,151870.843,46627.013,71938.82,33305.009,2902509.832,21784.788,25231104.0,666.1,,,,,,,,,52992.0,52992.0,51840.0,51840.0,,
Scenario2,2012,Society.Bioethanol.SugarCrops.ExternalSugarBeet,Internal,,,,3840.0,,3840.0,5816.115,,,26496.0,26496.0,627899.677,502287.898,75935.421,23313.507,35969.41,16652.505,1451254.916,9682.794,11644416.0,333.05,,,,,,,,,26496.0,26496.0,,,,
Scenario2,2012,Society.Bioethanol.SugarCrops.ExternalSugarBeet.SugarBeetCrop,Internal,,,,,,,5816.115,,,,26496.0,627899.677,,75935.421,23313.507,35969.41,16652.505,1451254.916,8069.994,,333.05,,,,,,,,,,26496.0,,,,
Scenario2,2012,Society.Bioethanol.SugarCrops.ExternalSugarBeet.SugarBeetProcessing,Internal,,,,2304.0,,2304.0,,25345.389,2534.4,26496.0,,,502287.898,,,,,,1612.8,11644416.0,,,,,,,,,,26496.0,,,,,
Scenario2,2012,Society.Bioethanol.SugarCrops.ExternalSugarCane,Internal,,,,5760.0,,5760.0,,,,25920.0,25920.0,,247115.923,,,,,,1209.6,971136.0,,,,,,,,,,,,25920.0,25920.0,,
Scenario2,2012,Society.Bioethanol.SugarCrops.ExternalSugarCane.SugarCaneCrop,Internal,,,,,,,,,,,25920.0,,,,,,,,,,,,,,,,,,,,,,25920.0,,
Scenario2,2012,Society.Bioethanol.SugarCrops.ExternalSugarCane.SugarCaneProcessing,Internal,,,,1728.0,,1728.0,,53740.8,36633.6,25920.0,,,247115.923,,,,,,1209.6,971136.0,,,,,,,,,,,,25920.0,,,
Scenario2,2012,Society.Bioethanol.SugarCrops.SugarBeet,Internal,,,,3840.0,,3840.0,5816.115,,,26496.0,26496.0,627899.677,502287.898,75935.421,23313.507,35969.41,16652.505,1451254.916,9682.794,11644416.0,333.05,,,,,,,,,26496.0,26496.0,,,,
Scenario2,2012,Society.Bioethanol.SugarCrops.SugarBeet.SugarBeetCrop,Internal,,,,,,,5816.115,,,,26496.0,627899.677,,75935.421,23313.507,35969.41,16652.505,1451254.916,8069.994,,333.05,,,,,,,,,,26496.0,,,,
Scenario2,2012,Society.Bioethanol.SugarCrops.SugarBeet.SugarBeetProcessing,Internal,,,,2304.0,,2304.0,,25345.389,2534.4,26496.0,,,502287.898,,,,,,1612.8,11644416.0,,,,,,,,,,26496.0,,,,,
Scenario2,2012,Society.Bioethanol.SugarCrops.SugarCane,Internal,,,,5760.0,,5760.0,,,,25920.0,25920.0,,247115.923,,,,,,1209.6,971136.0,,,,,,,,,,,,25920.0,25920.0,,
Scenario2,2012,Society.Bioethanol.SugarCrops.SugarCane.SugarCaneCrop,Internal,,,,,,,,,,,25920.0,,,,,,,,,,,,,,,,,,,,,,25920.0,,
Scenario2,2012,Society.Bioethanol.SugarCrops.SugarCane.SugarCaneProcessing,Internal,,,,1728.0,,1728.0,,53740.8,36633.6,25920.0,,,247115.923,,,,,,1209.6,971136.0,,,,,,,,,,,,25920.0,,,
Scenario2,2012,Society.CommerceExports,Internal,28000.0,,14400.0,,42400.0,,,,,,,,,,,,,,,,,,,,,,,,,,,,,,
Scenario2,2013,Society,Internal,7000.0,35000.0,9600.0,24000.0,16600.0,59000.0,194953.069,,,172187.841,172187.841,1122435.313,5785242.135,1746863.078,245786.08,1288824.396,212252.602,24968012.828,124316.847,128219967.836,8102.199,11266.56,11266.56,6676.46,6676.46,16947.321,16947.321,25937.5,25937.5,52992.0,52992.0,51840.0,51840.0,6528.0,6528.0
Scenario2,2013,Society.Biodiesel,Internal,,35000.0,,,,35000.0,0.0,,,49561.281,49561.281,477166.181,2071485.399,1347710.908,172048.201,1032289.206,143373.501,14849171.263,76621.791,24511551.836,5734.94,,,6676.46,6676.46,16947.321,16947.321,25937.5,25937.5,,,,,,
Scenario2,2013,Society.Biodiesel.OilCrops,Internal,,35000.0,,,,35000.0,0.0,,,49561.281,49561.281,477166.181,2071485.399,1347710.908,172048.201,1032289.206,143373.501,14849171.263,76621.791,24511551.836,5734.94,,,6676.46,6676.46,16947.321,16947.321,25937.5,25937.5,,,,,,
Scenario2,2013,Society.Biodiesel.OilCrops.ExternalPalmOil,Internal,,3500.0,,,,3500.0,,,,3338.23,3338.23,,36498.0,,,,,,980.0,754373.2,,,,3338.23,3338.23,,,,,,,,,,
Scenario2,2013,Society.Biodiesel.OilCrops.ExternalPalmOil.PalmOilCrop,Internal,,,,,,,,,,,3338.23,,,,,,,,,,,,,,3338.23,,,,,,,,,,
Scenario2,2013,Society.Biodiesel.OilCrops.ExternalPalmOil.PalmOilProcessing,Internal,,700.0,,,,700.0,,10247.645,5400.29,3338.23,,,36498.0,,,,,,980.0,754373.2,,,,3338.23,,,,,,,,,,,
Scenario2,2013,Society.Biodiesel.OilCrops.ExternalRapeSeed,Internal,,5250.0,,,,5250.0,0.0,,,8473.661,8473.661,238583.09,633213.0,673855.454,86024.101,516144.603,71686.75,7424585.632,35493.396,3923073.0,2867.47,,,,,8473.661,8473.661,,,,,,,,
Scenario2,2013,Society.Biodiesel.OilCrops.ExternalRapeSeed.RapeSeedCrop,Internal,,,,,,,0.0,,,,8473.661,238583.09,,673855.454,86024.101,516144.603,71686.75,7424585.632,33288.396,,2867.47,,,,,,8473.661,,,,,,,,
Scenario2,2013,Society.Biodiesel.OilCrops.ExternalRapeSeed.RapeSeedProcessing,Internal,,3150.0,,,,3150.0,,1334.4,624.261,8473.661,,,633213.0,,,,,,2205.0,3923073.0,,,,,,8473.661,,,,,,,,,
Scenario2,2013,Society.Biodiesel.OilCrops.ExternalSoyBean,Internal,,8750.0,,,,8750.0,,,,12968.75,12968.75,,366031.699,,,,,,1837.5,7578329.718,,,,,,,,12968.75,12968.75,,,,,,
Scenario2,2013,Society.Biodiesel.OilCrops.ExternalSoyBean.SoyBeanCrop,Internal,,,,,,,,,,,12968.75,,,,,,,,,,,,,,,,,,12968.75,,,,,,
Scenario2,2013,Society.Biodiesel.OilCrops.ExternalSoyBean.SoyBeanProcessing,Internal,,2625.0,,,,2625.0,,1267.921,836.645,12968.75,,,366031.699,,,,,,1837.5,7578329.718,,,,,,,,12968.75,,,,,,,
Scenario2,2013,Society.Biodiesel.OilCrops.PalmOil,Internal,,3500.0,,,,3500.0,,,,3338.23,3338.23,,36498.0,,,,,,980.0,754373.2,,,,3338.23,3338.23,,,,,,,,,,
Scenario2,2013,Society.Biodiesel.OilCrops.PalmOil.PalmOilCrop,Internal,,,,,,,,,,,3338.23,,,,,,,,,,,,,,3338.23,,,,,,,,,,
Scenario2,2013,Society.Biodiesel.OilCrops.PalmOil.PalmOilProcessing,Internal,,700.0,,,,700.0,,10247.645,5400.29,3338.23,,,36498.0,,,,,,980.0,754373.2,,,,3338.23,,,,,,,,,,,
Scenario2,2013,Society.Biodiesel.OilCrops.RapeSeed,Internal,,5250.0,,,,5250.0,0.0,,,8473.661,8473.661,238583.09,633213.0,673855.454,86024.101,516144.603,71686.75,7424585.632,35493.396,3923073.0,2867.47,,,,,8473.661,8473.661,,,,,,,,
Scenario2,2013,Society.Biodiesel.OilCrops.RapeSeed.RapeSeedCrop,Internal,,,,,,,0.0,,,,8473.661,238583.09,,673855.454,86024.101,516144.603,71686.75,7424585.632,33288.396,,2867.47,,,,,,8473.661,,,,,,,,
Scenario2,2013,Society.Biodiesel.OilCrops.RapeSeed.RapeSeedProcessing,Internal,,3150.0,,,,3150.0,,1334.4,624.261,8473.661,,,633213.0,,,,,,2205.0,3923073.0,,,,,,8473.661,,,,,,,,,
Scenario2,2013,Society.Biodiesel.OilCrops.SoyBean,Internal,,8750.0,,,,8750.0,,,,12968.75,12968.75,,366031.699,,,,,,1837.5,7578329.718,,,,,,,,12968.75,12968.75,,,,,,
Scenario2,2013,Society.Biodiesel.OilCrops.SoyBean.SoyBeanCrop,Internal,,,,,,,,,,,12968.75,,,,,,,,,,,,,,,,,,12968.75,,,,,,
Scenario2,2013,Society.Biodiesel.OilCrops.SoyBean.SoyBeanProcessing,Internal,,2625.0,,,,2625.0,,1267.921,836.645,12968.75,,,366031.699,,,,,,1837.5,7578329.718,,,,,,,,12968.75,,,,,,,
Scenario2,2013,Society.Bioethanol,Internal,,,,24000.0,,24000.0,194953.069,,,122626.56,122626.56,645269.132,3713756.736,399152.17,73737.879,256535.189,68879.101,10118841.564,47695.056,103708416.0,2367.259,11266.56,11266.56,,,,,,,52992.0,52992.0,51840.0,51840.0,6528.0,6528.0
Scenario2,2013,Society.Bioethanol.Cereals,Internal,,,,4800.0,,4800.0,183320.839,,,17794.56,17794.56,92060.819,2214949.094,244746.97,26332.774,183395.884,35018.312,7216331.732,25835.328,78477312.0,1690.043,11266.56,11266.56,,,,,,,,,,,6528.0,6528.0
Scenario2,2013,Society.Bioethanol.Cereals.ExternalMaize,Internal,,,,1920.0,,1920.0,91660.42,,,5633.28,5633.28,42095.971,703307.923,44332.026,9432.346,20751.161,14148.519,1940969.859,7368.969,25163136.0,471.617,5633.28,5633.28,,,,,,,,,,,,
Scenario2,2013,Society.Bioethanol.Cereals.ExternalMaize.MaizeCrop,Internal,,,,,,,91660.42,,,,5633.28,42095.971,,44332.026,9432.346,20751.161,14148.519,1940969.859,6159.369,,471.617,,5633.28,,,,,,,,,,,,
Scenario2,2013,Society.Bioethanol.Cereals.ExternalMaize.MaizeProcessing,Internal,,,,1728.0,,1728.0,,15016.32,4821.12,5633.28,,,703307.923,,,,,,1209.6,25163136.0,,5633.28,,,,,,,,,,,,,
Scenario2,2013,Society.Bioethanol.Cereals.ExternalWheat,Internal,,,,480.0,,480.0,0.0,,,3264.0,3264.0,3934.439,404166.624,78041.459,3734.041,70946.781,3360.637,1667196.006,5548.695,14075520.0,373.404,,,,,,,,,,,,,3264.0,3264.0
Scenario2,2013,Society.Bioethanol.Cereals.ExternalWheat.WheatCrop,Internal,,,,,,,0.0,,,,3264.0,3934.439,,78041.459,3734.041,70946.781,3360.637,1667196.006,4876.695,,373.404,,,,,,,,,,,,,,3264.0
Scenario2,2013,Society.Bioethanol.Cereals.ExternalWheat.WheatProcessing,Internal,,,,960.0,,960.0,,4212.48,4166.4,3264.0,,,404166.624,,,,,,672.0,14075520.0,,,,,,,,,,,,,,3264.0,
Scenario2,2013,Society.Bioethanol.Cereals.Maize,Internal,,,,1920.0,,1920.0,91660.42,,,5633.28,5633.28,42095.971,703307.923,44332.026,9432.346,20751.161,14148.519,1940969.859,7368.969,25163136.0,471.617,5633.28,5633.28,,,,,,,,,,,,
Scenario2,2013,Society.Bioethanol.Cereals.Maize.MaizeCrop,Internal,,,,,,,91660.42,,,,5633.28,42095.971,,44332.026,9432.346,20751.161,14148.519,1940969.859,6159.369,,471.617,,5633.28,,,,,,,,,,,,
Scenario2,2013,Society.Bioethanol.Cereals.Maize.MaizeProcessing,Internal,,,,1728.0,,1728.0,,15016.32,4821.12,5633.28,,,703307.923,,,,,,1209.6,25163136.0,,5633.28,,,,,,,,,,,,,
Scenario2,2013,Society.Bioethanol.Cereals.Wheat,Internal,,,,480.0,,480.0,0.0,,,3264.0,3264.0,3934.439,404166.624,78041.459,3734.041,70946.781,3360.637,1667196.006,5548.695,14075520.0,373.404,,,,,,,,,,,,,3264.0,3264.0
Scenario2,2013,Society.Bioethanol.Cereals.Wheat.WheatCrop,Internal,,,,,,,0.0,,,,3264.0,3934.439,,78041.459,3734.041,70946.781,3360.637,1667196.006,4876.695,,373.404,,,,,,,,,,,,,,3264.0
Scenario2,2013,Society.Bioethanol.Cereals.Wheat.WheatProcessing,Internal,,,,960.0,,960.0,,4212.48,4166.4,3264.0,,,404166.624,,,,,,672.0,14075520.0,,,,,,,,,,,,,,3264.0,
Scenario2,2013,Society.Bioethanol.SugarCrops,Internal,,,,19200.0,,19200.0,11632.23,,,104832.0,104832.0,553208.314,1498807.642,154405.2,47405.105,73139.305,33860.789,2902509.832,21859.728,25231104.0,677.216,,,,,,,,,52992.0,52992.0,51840.0,51840.0,,
Scenario2,2013,Society.Bioethanol.SugarCrops.ExternalSugarBeet,Internal,,,,3840.0,,3840.0,5816.115,,,26496.0,26496.0,276604.157,502287.898,77202.6,23702.553,36569.653,16930.395,1451254.916,9720.264,11644416.0,338.608,,,,,,,,,26496.0,26496.0,,,,
Scenario2,2013,Society.Bioethanol.SugarCrops.ExternalSugarBeet.SugarBeetCrop,Internal,,,,,,,5816.115,,,,26496.0,276604.157,,77202.6,23702.553,36569.653,16930.395,1451254.916,8107.464,,338.608,,,,,,,,,,26496.0,,,,
Scenario2,2013,Society.Bioethanol.SugarCrops.ExternalSugarBeet.SugarBeetProcessing,Internal,,,,2304.0,,2304.0,,25345.389,2534.4,26496.0,,,502287.898,,,,,,1612.8,11644416.0,,,,,,,,,,26496.0,,,,,
Scenario2,2013,Society.Bioethanol.SugarCrops.ExternalSugarCane,Internal,,,,5760.0,,5760.0,,,,25920.0,25920.0,,247115.923,,,,,,1209.6,971136.0,,,,,,,,,,,,25920.0,25920.0,,
Scenario2,2013,Society.Bioethanol.SugarCrops.ExternalSugarCane.SugarCaneCrop,Internal,,,,,,,,,,,25920.0,,,,,,,,,,,,,,,,,,,,,,25920.0,,
Scenario2,2013,Society.Bioethanol.SugarCrops.ExternalSugarCane.SugarCaneProcessing,Internal,,,,1728.0,,1728.0,,53740.8,36633.6,25920.0,,,247115.923,,,,,,1209.6,971136.0,,,,,,,,,,,,25920.0,,,
Scenario2,2013,Society.Bioethanol.SugarCrops.SugarBeet,Internal,,,,3840.0,,3840.0,5816.115,,,26496.0,26496.0,276604.157,502287.898,77202.6,23702.553,36569.653,16930.395,1451254.916,9720.264,11644416.0,338.608,,,,,,,,,26496.0,26496.0,,,,
Scenario2,2013,Society.Bioethanol.SugarCrops.SugarBeet.SugarBeetCrop,Internal,,,,,,,5816.115,,,,26496.0,276604.157,,77202.6,23702.553,36569.653,16930.395,1451254.916,8107.464,,338.608,,,,,,,,,,26496.0,,,,
Scenario2,2013,Society.Bioethanol.SugarCrops.SugarBeet.SugarBeetProcessing,Internal,,,,2304.0,,2304.0,,25345.389,2534.4,26496.0,,,502287.898,,,,,,1612.8,11644416.0,,,,,,,,,,26496.0,,,,,
Scenario2,2013,Society.Bioethanol.SugarCrops.SugarCane,Internal,,,,5760.0,,5760.0,,,,25920.0,25920.0,,247115.923,,,,,,1209.6,971136.0,,,,,,,,,,,,25920.0,25920.0,,
Scenario2,2013,Society.Bioethanol.SugarCrops.SugarCane.SugarCaneCrop,Internal,,,,,,,,,,,25920.0,,,,,,,,,,,,,,,,,,,,,,25920.0,,
Scenario2,2013,Society.Bioethanol.SugarCrops.SugarCane.SugarCaneProcessing,Internal,,,,1728.0,,1728.0,,53740.8,36633.6,25920.0,,,247115.923,,,,,,1209.6,971136.0,,,,,,,,,,,,25920.0,,,
Scenario2,2013,Society.CommerceExports,Internal,28000.0,,14400.0,,42400.0,,,,,,,,,,,,,,,,,,,,,,,,,,,,,,
